"","Treatment","Transplantation","Germination","Time","Date","DaysFromGermination","Row","Pot","Plant","AmbientHumidity","AmbientTemperature","AmbientPressure","AmbientLight","LeafTemperature","gsw"
"1","Control",FALSE,FALSE,"11:41:25","2024-05-28",27,"A","1","A1",68.81,22.45,97.84,315,26.05,0.325025
"2","Control",FALSE,FALSE,"11:41:35","2024-05-28",27,"A","2","A2",71.81,22.5,97.84,165,24.58,0.629396
"3","Control",FALSE,FALSE,"11:41:43","2024-05-28",27,"A","3","A3",72.15,22.54,97.84,163,25.1,0.507817
"4","Control",FALSE,FALSE,"11:41:50","2024-05-28",27,"A","4","A4",72.67,22.57,97.84,317,25.02,0.540391
"5","Control",FALSE,FALSE,"11:41:59","2024-05-28",27,"A","5","A5",73.33,22.61,97.85,248,25.54,0.489973
"6","Control",FALSE,FALSE,"11:42:07","2024-05-28",27,"A","6","A6",73.03,22.65,97.85,294,26.3,0.398043
"7","Control",FALSE,FALSE,"11:42:13","2024-05-28",27,"A","7","A7",73.42,22.68,97.85,188,25.8,0.462834
"8","Control",FALSE,FALSE,"11:42:20","2024-05-28",27,"A","8","A8",73.18,22.72,97.86,244,26.3,0.384222
"9","Control",FALSE,FALSE,"11:42:26","2024-05-28",27,"A","9","A9",74.26,22.75,97.86,213,26.02,0.498173
"10","Control",FALSE,FALSE,"11:42:32","2024-05-28",27,"A","10","A10",74.92,22.79,97.86,178,26.56,0.465321
"11","Control",FALSE,FALSE,"11:42:40","2024-05-28",27,"A","11","A11",75.7,22.83,97.86,189,25.38,0.619811
"12","Control",FALSE,FALSE,"11:42:49","2024-05-28",27,"A","12","A12",77.12,22.88,97.85,201,26.22,0.655468
"13","Transplantation",TRUE,FALSE,"11:43:28","2024-05-28",27,"B","1","B1",72.4,23.11,97.87,425,24.71,0.437534
"14","Transplantation",TRUE,FALSE,"11:44:11","2024-05-28",27,"B","2","B2",69.56,23.37,97.85,414,25.18,0.26768
"15","Transplantation",TRUE,FALSE,"11:44:20","2024-05-28",27,"B","3","B3",70.05,23.42,97.85,432,25.35,0.28571
"16","Transplantation",TRUE,FALSE,"11:44:27","2024-05-28",27,"B","4","B4",70.2,23.46,97.85,427,25.44,0.263927
"17","Transplantation",TRUE,FALSE,"11:44:42","2024-05-28",27,"B","5","B5",69.98,23.56,97.85,462,25.46,0.27689
"18","Transplantation",TRUE,FALSE,"11:44:53","2024-05-28",27,"B","6","B6",70.21,23.62,97.85,421,25.71,0.280216
"19","Transplantation",TRUE,FALSE,"11:45:03","2024-05-28",27,"B","7","B7",69.87,23.68,97.85,415,26.29,0.236538
"20","Transplantation",TRUE,FALSE,"11:45:10","2024-05-28",27,"B","8","B8",70.92,23.72,97.86,441,26,0.315136
"21","Transplantation",TRUE,FALSE,"11:45:18","2024-05-28",27,"B","9","B9",70.19,23.77,97.86,361,25.43,0.278071
"22","Transplantation",TRUE,FALSE,"11:45:25","2024-05-28",27,"B","10","B10",70.26,23.81,97.86,406,26.06,0.277323
"23","Transplantation",TRUE,FALSE,"11:45:34","2024-05-28",27,"B","11","B11",69.23,23.86,97.86,373,24.46,0.27187
"24","Transplantation",TRUE,FALSE,"11:45:39","2024-05-28",27,"B","12","B12",69.23,23.89,97.86,390,26.11,0.213702
"25","Germination",FALSE,TRUE,"11:45:52","2024-05-28",27,"C","1","C1",69.32,23.96,97.86,281,26,0.246143
"26","Germination",FALSE,TRUE,"11:46:03","2024-05-28",27,"C","2","C2",69.8,24.01,97.86,158,25.37,0.345852
"27","Germination",FALSE,TRUE,"11:46:12","2024-05-28",27,"C","3","C3",68.47,24.06,97.86,137,25.4,0.188574
"28","Germination",FALSE,TRUE,"11:46:19","2024-05-28",27,"C","4","C4",68.4,24.1,97.86,153,25.59,0.228473
"29","Germination",FALSE,TRUE,"11:46:27","2024-05-28",27,"C","5","C5",67.96,24.14,97.86,137,25.38,0.207939
"30","Germination",FALSE,TRUE,"11:46:34","2024-05-28",27,"C","6","C6",68.4,24.18,97.85,286,24.68,0.345677
"31","Germination",FALSE,TRUE,"11:46:40","2024-05-28",27,"C","7","C7",67.59,24.21,97.85,212,25.41,0.205467
"32","Germination",FALSE,TRUE,"11:46:46","2024-05-28",27,"C","8","C8",65.57,24.24,97.85,244,24.97,0.039998
"33","Germination",FALSE,TRUE,"11:46:52","2024-05-28",27,"C","9","C9",66.59,24.27,97.84,264,24.85,0.135386
"34","Germination",FALSE,TRUE,"11:47:00","2024-05-28",27,"C","10","C10",67.99,24.3,97.85,182,25.15,0.279946
"35","Germination",FALSE,TRUE,"11:47:11","2024-05-28",27,"C","11","C11",67.11,24.35,97.84,179,24.43,0.212958
"36","Germination",FALSE,TRUE,"11:47:16","2024-05-28",27,"C","12","C12",66.48,24.37,97.84,210,24.88,0.132307
"37","Germ+Trans",TRUE,TRUE,"11:47:36","2024-05-28",27,"D","1","D1",66.42,24.46,97.85,334,25.26,0.14769
"38","Germ+Trans",TRUE,TRUE,"11:47:45","2024-05-28",27,"D","2","D2",66.12,24.5,97.84,348,25.25,0.143187
"39","Germ+Trans",TRUE,TRUE,"11:47:50","2024-05-28",27,"D","3","D3",66.18,24.53,97.84,358,26.03,0.109924
"40","Germ+Trans",TRUE,TRUE,"11:47:57","2024-05-28",27,"D","4","D4",67.22,24.56,97.84,362,25.63,0.178168
"41","Germ+Trans",TRUE,TRUE,"11:48:04","2024-05-28",27,"D","5","D5",66.67,24.59,97.84,364,26.5,0.135823
"42","Germ+Trans",TRUE,TRUE,"11:48:11","2024-05-28",27,"D","6","D6",66.96,24.63,97.84,376,26.22,0.160257
"43","Germ+Trans",TRUE,TRUE,"11:48:16","2024-05-28",27,"D","7","D7",66.48,24.66,97.84,395,26.27,0.105016
"44","Germ+Trans",TRUE,TRUE,"11:48:22","2024-05-28",27,"D","8","D8",66.14,24.68,97.83,375,26.02,0.101878
"45","Germ+Trans",TRUE,TRUE,"11:48:28","2024-05-28",27,"D","9","D9",66.3,24.71,97.83,378,25.84,0.080274
"46","Germ+Trans",TRUE,TRUE,"11:48:36","2024-05-28",27,"D","10","D10",67.01,24.75,97.83,348,24.88,0.232498
"47","Germ+Trans",TRUE,TRUE,"11:48:41","2024-05-28",27,"D","11","D11",66.37,24.77,97.83,394,25.86,0.127855
"48","Germ+Trans",TRUE,TRUE,"11:48:47","2024-05-28",27,"D","12","D12",66.76,24.8,97.83,351,26.46,0.136335
"49","Control",FALSE,FALSE,"12:30:40","2024-05-30",29,"A","1","A1",62.53,23.6,98.19,370,24.64,0.233396
"50","Control",FALSE,FALSE,"12:31:33","2024-05-30",29,"A","2","A2",64.65,23.73,98.19,448,24.22,0.350456
"51","Control",FALSE,FALSE,"12:31:50","2024-05-30",29,"A","3","A3",64.89,23.78,98.19,438,24.86,0.351307
"52","Control",FALSE,FALSE,"12:32:04","2024-05-30",29,"A","4","A4",64.21,23.82,98.19,345,24.6,0.304455
"53","Control",FALSE,FALSE,"12:32:16","2024-05-30",29,"A","5","A5",63.88,23.85,98.18,422,24.95,0.266672
"54","Control",FALSE,FALSE,"12:32:54","2024-05-30",29,"A","6","A6",65.31,23.99,98.19,482,25.26,0.26934
"55","Control",FALSE,FALSE,"12:33:14","2024-05-30",29,"A","7","A7",64.69,24.07,98.2,302,24.82,0.324781
"56","Control",FALSE,FALSE,"12:33:28","2024-05-30",29,"A","8","A8",64.5,24.12,98.2,400,24.77,0.316219
"57","Control",FALSE,FALSE,"12:33:38","2024-05-30",29,"A","9","A9",64.45,24.16,98.2,397,25.26,0.272325
"58","Control",FALSE,FALSE,"12:33:48","2024-05-30",29,"A","10","A10",64.44,24.21,98.2,329,25.66,0.268638
"59","Control",FALSE,FALSE,"12:33:59","2024-05-30",29,"A","11","A11",66.26,24.26,98.2,355,25.6,0.396655
"60","Control",FALSE,FALSE,"12:34:08","2024-05-30",29,"A","12","A12",65.87,24.3,98.19,398,25.43,0.379369
"61","Transplantation",TRUE,FALSE,"12:34:30","2024-05-30",29,"B","1","B1",65.07,24.4,98.2,477,25.02,0.275324
"62","Transplantation",TRUE,FALSE,"12:34:55","2024-05-30",29,"B","2","B2",65.66,24.52,98.2,459,24.86,0.263516
"63","Transplantation",TRUE,FALSE,"12:35:07","2024-05-30",29,"B","3","B3",65.6,24.58,98.21,461,24.9,0.297902
"64","Transplantation",TRUE,FALSE,"12:35:20","2024-05-30",29,"B","4","B4",65.25,24.63,98.21,437,24.68,0.311396
"65","Transplantation",TRUE,FALSE,"12:35:44","2024-05-30",29,"B","5","B5",63.35,24.75,98.2,477,24.98,0.247385
"66","Transplantation",TRUE,FALSE,"12:35:53","2024-05-30",29,"B","6","B6",63.14,24.79,98.2,493,25.01,0.226431
"67","Transplantation",TRUE,FALSE,"12:36:03","2024-05-30",29,"B","7","B7",64.92,24.83,98.2,491,25.74,0.392034
"68","Transplantation",TRUE,FALSE,"12:36:12","2024-05-30",29,"B","8","B8",62.97,24.87,98.19,447,24.69,0.266443
"69","Transplantation",TRUE,FALSE,"12:36:23","2024-05-30",29,"B","9","B9",63.3,24.91,98.19,470,24.72,0.282636
"70","Transplantation",TRUE,FALSE,"12:36:32","2024-05-30",29,"B","10","B10",62.63,24.95,98.2,425,23.27,0.271434
"71","Transplantation",TRUE,FALSE,"12:36:43","2024-05-30",29,"B","11","B11",63.79,24.98,98.2,467,24.6,0.364933
"72","Transplantation",TRUE,FALSE,"12:36:53","2024-05-30",29,"B","12","B12",63.75,25.02,98.19,447,25.05,0.352037
"73","Control",FALSE,FALSE,"12:37:11","2024-05-30",29,"A","1","A1",62.71,25.09,98.19,422,25.21,0.284523
"74","Control",FALSE,FALSE,"12:37:30","2024-05-30",29,"A","2","A2",64.16,25.16,98.19,447,25.15,0.415349
"75","Control",FALSE,FALSE,"12:37:40","2024-05-30",29,"A","3","A3",62.68,25.2,98.19,364,25.43,0.265696
"76","Control",FALSE,FALSE,"12:37:49","2024-05-30",29,"A","4","A4",63.25,25.24,98.19,317,24.74,0.353463
"77","Control",FALSE,FALSE,"12:37:59","2024-05-30",29,"A","5","A5",62.87,25.28,98.19,319,25.58,0.279053
"78","Control",FALSE,FALSE,"12:38:08","2024-05-30",29,"A","6","A6",62.81,25.32,98.19,389,25,0.331133
"79","Control",FALSE,FALSE,"12:38:17","2024-05-30",29,"A","7","A7",62.73,25.36,98.2,349,25.43,0.329087
"80","Control",FALSE,FALSE,"12:38:26","2024-05-30",29,"A","8","A8",62.81,25.39,98.19,366,25.38,0.341692
"81","Control",FALSE,FALSE,"12:38:35","2024-05-30",29,"A","9","A9",60.79,25.43,98.2,399,24.38,0.186526
"82","Control",FALSE,FALSE,"12:38:47","2024-05-30",29,"A","10","A10",61.25,25.47,98.2,433,24.49,0.284859
"83","Control",FALSE,FALSE,"12:38:58","2024-05-30",29,"A","11","A11",61.56,25.5,98.2,455,24.81,0.272143
"84","Control",FALSE,FALSE,"12:39:06","2024-05-30",29,"A","12","A12",61.92,25.53,98.2,430,24.73,0.311727
"85","Germination",FALSE,TRUE,"12:39:27","2024-05-30",29,"C","1","C1",60.31,25.6,98.2,426,24.61,0.221027
"86","Germination",FALSE,TRUE,"12:40:49","2024-05-30",29,"C","2","C2",61.44,25.89,98.2,416,25.53,0.15932
"87","Germination",FALSE,TRUE,"12:41:05","2024-05-30",29,"C","3","C3",60.68,25.97,98.19,388,25.41,0.13084
"88","Germination",FALSE,TRUE,"12:41:21","2024-05-30",29,"C","4","C4",58.99,26.02,98.18,360,24.38,0.214406
"89","Germination",FALSE,TRUE,"12:41:32","2024-05-30",29,"C","5","C5",60.86,26.06,98.19,405,25.22,0.362172
"90","Germination",FALSE,TRUE,"12:41:39","2024-05-30",29,"C","6","C6",59.18,26.08,98.19,392,25.92,0.239757
"91","Germination",FALSE,TRUE,"12:41:50","2024-05-30",29,"C","7","C7",59.59,26.12,98.19,386,25.38,0.238337
"92","Germination",FALSE,TRUE,"12:41:59","2024-05-30",29,"C","8","C8",59.31,26.15,98.19,402,25.57,0.199749
"93","Germination",FALSE,TRUE,"12:42:07","2024-05-30",29,"C","9","C9",59.35,26.18,98.19,385,25.19,0.256381
"94","Germination",FALSE,TRUE,"12:42:17","2024-05-30",29,"C","10","C10",59.06,26.21,98.19,365,24.9,0.271735
"95","Germination",FALSE,TRUE,"12:42:26","2024-05-30",29,"C","11","C11",58.93,26.24,98.19,369,24.64,0.267353
"96","Germination",FALSE,TRUE,"12:42:34","2024-05-30",29,"C","12","C12",59.35,26.26,98.19,380,24.91,0.335615
"97","Germ+Trans",TRUE,TRUE,"12:42:55","2024-05-30",29,"D","1","D1",58.89,26.32,98.19,419,25.79,0.229831
"98","Germ+Trans",TRUE,TRUE,"12:43:23","2024-05-30",29,"D","2","D2",59.71,26.41,98.19,452,25.75,0.335573
"99","Germ+Trans",TRUE,TRUE,"12:43:34","2024-05-30",29,"D","3","D3",59.06,26.46,98.19,339,26.03,0.239189
"100","Germ+Trans",TRUE,TRUE,"12:43:42","2024-05-30",29,"D","4","D4",59.59,26.49,98.19,376,25.2,0.370346
"101","Germ+Trans",TRUE,TRUE,"12:43:52","2024-05-30",29,"D","5","D5",60.13,26.52,98.19,392,26.12,0.418964
"102","Germ+Trans",TRUE,TRUE,"12:44:00","2024-05-30",29,"D","6","D6",58.62,26.55,98.19,396,25.6,0.309765
"103","Germ+Trans",TRUE,TRUE,"12:44:09","2024-05-30",29,"D","7","D7",57.66,26.58,98.19,392,25.62,0.19764
"104","Germ+Trans",TRUE,TRUE,"12:44:18","2024-05-30",29,"D","8","D8",57.14,26.61,98.19,384,26.04,0.174635
"105","Germ+Trans",TRUE,TRUE,"12:44:27","2024-05-30",29,"D","9","D9",57.98,26.64,98.19,369,25.29,0.321274
"106","Germ+Trans",TRUE,TRUE,"12:44:35","2024-05-30",29,"D","10","D10",57.66,26.66,98.19,374,25.51,0.264101
"107","Germ+Trans",TRUE,TRUE,"12:44:43","2024-05-30",29,"D","11","D11",56.87,26.68,98.19,387,25.39,0.220352
"108","Germ+Trans",TRUE,TRUE,"12:44:56","2024-05-30",29,"D","12","D12",58.12,26.71,98.19,357,25.27,0.416718
"109","Control",FALSE,FALSE,"11:50:33","2024-05-31",30,"A","1","A1",68.45,20.96,98.37,296,23.5,0.668535
"110","Control",FALSE,FALSE,"11:50:44","2024-05-31",30,"A","2","A2",70.38,21,98.35,160,22.93,0.752448
"111","Control",FALSE,FALSE,"11:50:49","2024-05-31",30,"A","3","A3",72.35,21.02,98.35,287,24.48,0.698019
"112","Control",FALSE,FALSE,"11:50:56","2024-05-31",30,"A","4","A4",72.52,21.04,98.36,267,24.84,0.612596
"113","Control",FALSE,FALSE,"11:51:02","2024-05-31",30,"A","5","A5",70.32,21.07,98.35,285,23.81,0.405847
"114","Control",FALSE,FALSE,"11:51:08","2024-05-31",30,"A","6","A6",74.09,21.09,98.35,284,24.25,0.749974
"115","Control",FALSE,FALSE,"11:51:15","2024-05-31",30,"A","7","A7",73.21,21.12,98.36,280,24.04,0.600391
"116","Control",FALSE,FALSE,"11:51:20","2024-05-31",30,"A","8","A8",75.08,21.14,98.36,263,24.37,0.767577
"117","Control",FALSE,FALSE,"11:51:25","2024-05-31",30,"A","9","A9",73.25,21.16,98.36,308,24.43,0.539393
"118","Control",FALSE,FALSE,"11:51:31","2024-05-31",30,"A","10","A10",72.94,21.19,98.37,251,24.07,0.505334
"119","Control",FALSE,FALSE,"11:51:37","2024-05-31",30,"A","11","A11",74.36,21.22,98.37,275,23.8,0.662848
"120","Control",FALSE,FALSE,"11:51:45","2024-05-31",30,"A","12","A12",74.99,21.25,98.36,204,24.21,0.63943
"121","Transplantation",TRUE,FALSE,"11:51:57","2024-05-31",30,"B","1","B1",72.5,21.31,98.36,430,23.9,0.486776
"122","Transplantation",TRUE,FALSE,"11:52:06","2024-05-31",30,"B","2","B2",75.09,21.35,98.36,470,24.7,0.648554
"123","Transplantation",TRUE,FALSE,"11:52:12","2024-05-31",30,"B","3","B3",73.13,21.38,98.36,460,24.33,0.47596
"124","Transplantation",TRUE,FALSE,"11:52:17","2024-05-31",30,"B","4","B4",73.11,21.41,98.37,415,24,0.490147
"125","Transplantation",TRUE,FALSE,"11:52:24","2024-05-31",30,"B","5","B5",72.88,21.44,98.37,431,23.39,0.540311
"126","Transplantation",TRUE,FALSE,"11:52:29","2024-05-31",30,"B","6","B6",72.57,21.47,98.37,483,24.86,0.379423
"127","Transplantation",TRUE,FALSE,"11:52:35","2024-05-31",30,"B","7","B7",72.78,21.5,98.38,439,24.86,0.389747
"128","Transplantation",TRUE,FALSE,"11:52:41","2024-05-31",30,"B","8","B8",73.17,21.53,98.38,417,24.72,0.458131
"129","Transplantation",TRUE,FALSE,"11:52:46","2024-05-31",30,"B","9","B9",72.24,21.56,98.38,436,25.54,0.335616
"130","Transplantation",TRUE,FALSE,"11:52:54","2024-05-31",30,"B","10","B10",71.66,21.6,98.37,443,23.22,0.463786
"131","Transplantation",TRUE,FALSE,"11:52:59","2024-05-31",30,"B","11","B11",72.19,21.63,98.37,446,25.01,0.380037
"132","Transplantation",TRUE,FALSE,"11:53:05","2024-05-31",30,"B","12","B12",71.93,21.66,98.37,440,24.32,0.420283
"133","Germination",FALSE,TRUE,"11:53:16","2024-05-31",30,"C","1","C1",70.96,21.72,98.37,210,23.89,0.43409
"134","Germination",FALSE,TRUE,"11:53:28","2024-05-31",30,"C","2","C2",71.41,21.78,98.36,308,24.51,0.425147
"135","Germination",FALSE,TRUE,"11:53:43","2024-05-31",30,"C","3","C3",70.26,21.87,98.37,291,24.65,0.343645
"136","Germination",FALSE,TRUE,"11:53:57","2024-05-31",30,"C","5","C5",70.17,21.94,98.36,213,24.54,0.353239
"137","Germination",FALSE,TRUE,"11:54:02","2024-05-31",30,"C","6","C6",71.38,21.97,98.36,267,24.57,0.435735
"138","Germination",FALSE,TRUE,"11:54:07","2024-05-31",30,"C","7","C7",72.16,22,98.35,266,24.56,0.509468
"139","Germination",FALSE,TRUE,"11:54:12","2024-05-31",30,"C","8","C8",70.97,22.03,98.35,318,24.62,0.399644
"140","Germination",FALSE,TRUE,"11:54:18","2024-05-31",30,"C","9","C9",70.81,22.06,98.35,285,24.78,0.362316
"141","Germination",FALSE,TRUE,"11:54:31","2024-05-31",30,"C","11","C11",70.4,22.14,98.35,227,24.11,0.393885
"142","Germination",FALSE,TRUE,"11:54:37","2024-05-31",30,"C","12","C12",69.58,22.17,98.35,269,24.81,0.277496
"143","Germ+Trans",TRUE,TRUE,"11:54:50","2024-05-31",30,"D","1","D1",69.12,22.24,98.35,356,23.62,0.323637
"144","Germ+Trans",TRUE,TRUE,"11:54:59","2024-05-31",30,"D","2","D2",69.96,22.29,98.35,373,23.71,0.346141
"145","Germ+Trans",TRUE,TRUE,"11:55:06","2024-05-31",30,"D","3","D3",69.9,22.33,98.36,375,24.49,0.279407
"146","Germ+Trans",TRUE,TRUE,"11:55:12","2024-05-31",30,"D","4","D4",70.4,22.37,98.35,349,24.03,0.344074
"147","Germ+Trans",TRUE,TRUE,"11:55:19","2024-05-31",30,"D","5","D5",70.59,22.41,98.35,408,25.13,0.291802
"148","Germ+Trans",TRUE,TRUE,"11:55:25","2024-05-31",30,"D","6","D6",70.75,22.44,98.35,403,24.82,0.349903
"149","Germ+Trans",TRUE,TRUE,"11:55:30","2024-05-31",30,"D","7","D7",71.27,22.47,98.35,363,24.81,0.389935
"150","Germ+Trans",TRUE,TRUE,"11:55:37","2024-05-31",30,"D","8","D8",69.74,22.51,98.35,353,24.26,0.299886
"151","Germ+Trans",TRUE,TRUE,"11:55:42","2024-05-31",30,"D","9","D9",69.3,22.54,98.35,331,24.05,0.268018
"152","Germ+Trans",TRUE,TRUE,"11:55:48","2024-05-31",30,"D","10","D10",70.1,22.57,98.36,319,23.8,0.34898
"153","Germ+Trans",TRUE,TRUE,"11:55:54","2024-05-31",30,"D","11","D11",70.13,22.6,98.35,346,23.45,0.387116
"154","Germ+Trans",TRUE,TRUE,"11:55:59","2024-05-31",30,"D","12","D12",69.26,22.63,98.35,316,23.75,0.286047
"155","Control",FALSE,FALSE,"12:16:42","2024-06-03",33,"A","1","A1",77.51,23.84,97.76,430,28.24,0.719709
"156","Control",FALSE,FALSE,"12:16:48","2024-06-03",33,"A","2","A2",80.47,23.87,97.76,362,28.05,0.978795
"157","Control",FALSE,FALSE,"12:16:58","2024-06-03",33,"A","3","A3",78.39,23.92,97.75,327,25.71,1.032334
"158","Control",FALSE,FALSE,"12:17:03","2024-06-03",33,"A","4","A4",80.58,23.94,97.75,279,28.2,0.804615
"159","Control",FALSE,FALSE,"12:17:09","2024-06-03",33,"A","5","A5",81.4,23.97,97.76,290,26.95,1.158339
"160","Control",FALSE,FALSE,"12:17:15","2024-06-03",33,"A","6","A6",81.45,24,97.76,279,27.81,0.902952
"161","Control",FALSE,FALSE,"12:17:22","2024-06-03",33,"A","7","A7",79.51,24.04,97.76,338,26.69,0.77326
"162","Control",FALSE,FALSE,"12:17:28","2024-06-03",33,"A","8","A8",80.63,24.06,97.76,299,27.58,0.788389
"163","Control",FALSE,FALSE,"12:17:34","2024-06-03",33,"A","9","A9",80.27,24.1,97.76,252,27.04,0.846528
"164","Control",FALSE,FALSE,"12:17:41","2024-06-03",33,"A","10","A10",78.97,24.13,97.75,328,26.5,0.737519
"165","Control",FALSE,FALSE,"12:17:47","2024-06-03",33,"A","11","A11",78.87,24.17,97.75,263,27.07,0.626682
"166","Control",FALSE,FALSE,"12:17:54","2024-06-03",33,"A","12","A12",79.95,24.2,97.75,244,27.15,0.742364
"167","Transplantation",TRUE,FALSE,"12:18:06","2024-06-03",33,"B","1","B1",79.64,24.27,97.76,468,27.4,0.692544
"168","Transplantation",TRUE,FALSE,"12:18:14","2024-06-03",33,"B","2","B2",79.02,24.32,97.75,427,27.05,0.670821
"169","Transplantation",TRUE,FALSE,"12:18:19","2024-06-03",33,"B","3","B3",79.59,24.35,97.75,417,26.92,0.777662
"170","Transplantation",TRUE,FALSE,"12:18:25","2024-06-03",33,"B","4","B4",79.99,24.39,97.76,398,27.54,0.710327
"171","Transplantation",TRUE,FALSE,"12:18:33","2024-06-03",33,"B","5","B5",79.22,24.43,97.76,484,28.13,0.570071
"172","Transplantation",TRUE,FALSE,"12:18:38","2024-06-03",33,"B","6","B6",78.64,24.46,97.76,409,26.23,0.773625
"173","Transplantation",TRUE,FALSE,"12:18:43","2024-06-03",33,"B","7","B7",78.4,24.5,97.76,479,27.9,0.512933
"174","Transplantation",TRUE,FALSE,"12:18:48","2024-06-03",33,"B","8","B8",79.05,24.53,97.76,438,27.34,0.64482
"175","Transplantation",TRUE,FALSE,"12:18:54","2024-06-03",33,"B","9","B9",78.6,24.57,97.76,430,26.83,0.636007
"176","Transplantation",TRUE,FALSE,"12:19:00","2024-06-03",33,"B","10","B10",78.53,24.6,97.76,393,27.22,0.620269
"177","Transplantation",TRUE,FALSE,"12:19:06","2024-06-03",33,"B","11","B11",78.27,24.64,97.76,475,28.85,0.422702
"178","Transplantation",TRUE,FALSE,"12:19:12","2024-06-03",33,"B","12","B12",78.23,24.68,97.75,453,27.69,0.532265
"179","Germination",FALSE,TRUE,"12:19:47","2024-06-03",33,"C","1","C1",77.81,24.92,97.75,318,27.66,0.498096
"180","Germination",FALSE,TRUE,"12:19:55","2024-06-03",33,"C","2","C2",78.68,24.98,97.75,208,28.82,0.459952
"181","Germination",FALSE,TRUE,"12:20:02","2024-06-03",33,"C","3","C3",77.92,25.02,97.75,268,27.15,0.592008
"182","Germination",FALSE,TRUE,"12:20:07","2024-06-03",33,"C","4","C4",77.65,25.06,97.74,308,27.55,0.513196
"183","Germination",FALSE,TRUE,"12:20:12","2024-06-03",33,"C","5","C5",77.42,25.09,97.74,362,28.57,0.427522
"184","Germination",FALSE,TRUE,"12:20:18","2024-06-03",33,"C","6","C6",77.07,25.14,97.74,374,28.52,0.411152
"185","Germination",FALSE,TRUE,"12:20:29","2024-06-03",33,"C","7","C7",77.36,25.21,97.74,305,27.55,0.514066
"186","Germination",FALSE,TRUE,"12:20:36","2024-06-03",33,"C","8","C8",77.21,25.26,97.74,322,26.33,0.691739
"187","Germination",FALSE,TRUE,"12:20:41","2024-06-03",33,"C","9","C9",76.93,25.29,97.74,335,28.2,0.433267
"188","Germination",FALSE,TRUE,"12:20:47","2024-06-03",33,"C","10","C10",76.22,25.33,97.74,265,27.4,0.420982
"189","Germination",FALSE,TRUE,"12:20:53","2024-06-03",33,"C","11","C11",76.57,25.37,97.74,393,28.94,0.351596
"190","Germination",FALSE,TRUE,"12:20:59","2024-06-03",33,"C","12","C12",76.69,25.41,97.74,246,28.45,0.406752
"191","Germ+Trans",TRUE,TRUE,"12:21:13","2024-06-03",33,"D","1","D1",76.22,25.5,97.75,378,27.22,0.453286
"192","Germ+Trans",TRUE,TRUE,"12:21:22","2024-06-03",33,"D","2","D2",76.15,25.56,97.74,369,26.98,0.450283
"193","Germ+Trans",TRUE,TRUE,"12:21:30","2024-06-03",33,"D","3","D3",77.58,25.62,97.75,399,27.08,0.610072
"194","Germ+Trans",TRUE,TRUE,"12:21:37","2024-06-03",33,"D","4","D4",76.22,25.66,97.75,340,26.45,0.554649
"195","Germ+Trans",TRUE,TRUE,"12:21:43","2024-06-03",33,"D","5","D5",75.68,25.7,97.75,404,27.97,0.37695
"196","Germ+Trans",TRUE,TRUE,"12:21:50","2024-06-03",33,"D","6","D6",75.57,25.74,97.75,395,26.9,0.432561
"197","Germ+Trans",TRUE,TRUE,"12:21:56","2024-06-03",33,"D","7","D7",75.83,25.78,97.75,408,28.18,0.362155
"198","Germ+Trans",TRUE,TRUE,"12:22:02","2024-06-03",33,"D","8","D8",75.69,25.82,97.75,371,28.34,0.335559
"199","Germ+Trans",TRUE,TRUE,"12:22:08","2024-06-03",33,"D","9","D9",75.69,25.85,97.75,365,28.05,0.374542
"200","Germ+Trans",TRUE,TRUE,"12:22:16","2024-06-03",33,"D","10","D10",75.43,25.9,97.75,300,26.48,0.549607
"201","Germ+Trans",TRUE,TRUE,"12:22:22","2024-06-03",33,"D","11","D11",74.09,25.94,97.75,415,26.4,0.342902
"202","Germ+Trans",TRUE,TRUE,"12:22:27","2024-06-03",33,"D","12","D12",74.66,25.97,97.76,346,27.22,0.369356
"203","Control",FALSE,FALSE,"12:24:12","2024-06-11",41,"A","1","A1",72.33,21.99,97.49,186,23.89,0.345607
"204","Control",FALSE,FALSE,"12:24:32","2024-06-11",41,"A","2","A2",74.11,22.06,97.49,220,23.82,0.393142
"205","Control",FALSE,FALSE,"12:24:40","2024-06-11",41,"A","3","A3",74.15,22.09,97.49,227,24.02,0.355094
"206","Control",FALSE,FALSE,"12:24:47","2024-06-11",41,"A","4","A4",74.19,22.11,97.48,276,23.71,0.370634
"207","Control",FALSE,FALSE,"12:24:54","2024-06-11",41,"A","5","A5",73.57,22.14,97.49,302,24.15,0.279062
"208","Control",FALSE,FALSE,"12:25:03","2024-06-11",41,"A","6","A6",74.26,22.18,97.5,325,24.63,0.315832
"209","Control",FALSE,FALSE,"12:25:13","2024-06-11",41,"A","7","A7",73.59,22.23,97.5,268,24.09,0.234705
"210","Control",FALSE,FALSE,"12:25:22","2024-06-11",41,"A","8","A8",74.65,22.27,97.5,393,24.49,0.323172
"211","Control",FALSE,FALSE,"12:25:30","2024-06-11",41,"A","9","A9",73.59,22.31,97.49,345,24.72,0.198788
"212","Control",FALSE,FALSE,"12:25:38","2024-06-11",41,"A","10","A10",73.95,22.35,97.49,234,24.68,0.260667
"213","Control",FALSE,FALSE,"12:25:52","2024-06-11",41,"A","11","A11",74.61,22.41,97.48,311,24.08,0.348409
"214","Control",FALSE,FALSE,"12:26:01","2024-06-11",41,"A","12","A12",73.32,22.46,97.49,195,24.22,0.187775
"215","Transplantation",TRUE,FALSE,"12:26:15","2024-06-11",41,"B","1","B1",72.78,22.53,97.48,420,24.05,0.216104
"216","Transplantation",TRUE,FALSE,"12:26:23","2024-06-11",41,"B","2","B2",73.03,22.57,97.48,473,24.73,0.201072
"217","Transplantation",TRUE,FALSE,"12:26:29","2024-06-11",41,"B","3","B3",73.64,22.61,97.48,391,25.08,0.242879
"218","Transplantation",TRUE,FALSE,"12:26:37","2024-06-11",41,"B","4","B4",72.38,22.65,97.49,362,24.7,0.195239
"219","Transplantation",TRUE,FALSE,"12:26:42","2024-06-11",41,"B","5","B5",72.48,22.68,97.49,427,24.76,0.203587
"220","Transplantation",TRUE,FALSE,"12:26:48","2024-06-11",41,"B","6","B6",72.18,22.71,97.49,399,25.33,0.150654
"221","Transplantation",TRUE,FALSE,"12:26:54","2024-06-11",41,"B","7","B7",71.13,22.75,97.49,349,24.86,0.073394
"222","Transplantation",TRUE,FALSE,"12:27:01","2024-06-11",41,"B","8","B8",73.02,22.79,97.5,446,24.3,0.246966
"223","Transplantation",TRUE,FALSE,"12:27:07","2024-06-11",41,"B","9","B9",72.91,22.82,97.5,356,24.44,0.227894
"224","Transplantation",TRUE,FALSE,"12:27:14","2024-06-11",41,"B","10","B10",72.55,22.86,97.49,367,24.85,0.185928
"225","Transplantation",TRUE,FALSE,"12:27:21","2024-06-11",41,"B","11","B11",72.15,22.9,97.49,427,25.1,0.134798
"226","Transplantation",TRUE,FALSE,"12:27:29","2024-06-11",41,"B","12","B12",72.4,22.94,97.48,407,24.52,0.208168
"227","Germination",FALSE,TRUE,"12:27:46","2024-06-11",41,"C","1","C1",73.3,23.03,97.47,227,23.85,0.376943
"228","Germination",FALSE,TRUE,"12:28:01","2024-06-11",41,"C","3","C3",73.24,23.11,97.48,203,24.78,0.297354
"229","Germination",FALSE,TRUE,"12:28:07","2024-06-11",41,"C","4","C4",73.25,23.15,97.48,319,24.37,0.32878
"230","Germination",FALSE,TRUE,"12:28:14","2024-06-11",41,"C","5","C5",72.68,23.19,97.48,353,23.98,0.289844
"231","Germination",FALSE,TRUE,"12:28:30","2024-06-11",41,"C","7","C7",70.88,23.27,97.48,245,23.48,0.150117
"232","Germination",FALSE,TRUE,"12:28:37","2024-06-11",41,"C","8","C8",70.62,23.31,97.47,238,24,0.121538
"233","Germination",FALSE,TRUE,"12:28:45","2024-06-11",41,"C","9","C9",71.35,23.35,97.47,267,24.11,0.212222
"234","Germination",FALSE,TRUE,"12:28:50","2024-06-11",41,"C","10","C10",71.61,23.37,97.47,245,24.43,0.24065
"235","Germination",FALSE,TRUE,"12:28:57","2024-06-11",41,"C","11","C11",69.88,23.41,97.47,288,23.83,0.074504
"236","Germination",FALSE,TRUE,"12:29:02","2024-06-11",41,"C","12","C12",69.25,23.43,97.47,195,23.6,0.028986
"237","Germ+Trans",TRUE,TRUE,"12:29:15","2024-06-11",41,"D","1","D1",69.83,23.49,97.47,360,24.12,0.14399
"238","Germ+Trans",TRUE,TRUE,"12:29:31","2024-06-11",41,"D","3","D3",69.68,23.58,97.47,320,24.33,0.134029
"239","Germ+Trans",TRUE,TRUE,"12:29:55","2024-06-11",41,"D","6","D6",70.44,23.7,97.48,445,25.08,0.14839
"240","Germ+Trans",TRUE,TRUE,"12:30:08","2024-06-11",41,"D","8","D8",69.83,23.77,97.48,408,24.69,0.138215
"241","Germ+Trans",TRUE,TRUE,"12:30:14","2024-06-11",41,"D","9","D9",68.44,23.8,97.47,375,25.12,0.026951
"242","Germ+Trans",TRUE,TRUE,"12:30:28","2024-06-11",41,"D","11","D11",69.58,23.86,97.48,268,23.81,0.251432
"243","Control",FALSE,FALSE,"11:36:04","2024-06-06",36,"A","1","A1",86.73,22.02,97.28,150,24.37,2.578985
"244","Control",FALSE,FALSE,"11:36:12","2024-06-06",36,"A","2","A2",84.55,22.05,97.28,138,23.43,1.77371
"245","Control",FALSE,FALSE,"11:36:23","2024-06-06",36,"A","3","A3",82.09,22.1,97.28,158,22.42,0.903838
"246","Control",FALSE,FALSE,"11:36:28","2024-06-06",36,"A","4","A4",85.44,22.12,97.27,151,24.73,0.982904
"247","Control",FALSE,FALSE,"11:36:34","2024-06-06",36,"A","5","A5",85.18,22.15,97.27,158,23.99,1.077765
"248","Control",FALSE,FALSE,"11:36:41","2024-06-06",36,"A","6","A6",87.76,22.18,97.27,156,24.84,1.385749
"249","Control",FALSE,FALSE,"11:36:51","2024-06-06",36,"A","7","A7",86.9,22.23,97.27,144,23.37,1.958054
"250","Control",FALSE,FALSE,"11:36:58","2024-06-06",36,"A","8","A8",86.19,22.25,97.27,148,24.2,1.036499
"251","Control",FALSE,FALSE,"11:37:07","2024-06-06",36,"A","9","A9",87.72,22.29,97.27,155,23.55,2.021861
"252","Control",FALSE,FALSE,"11:37:21","2024-06-06",36,"A","11","A11",86.33,22.35,97.28,158,23.58,1.14744
"253","Control",FALSE,FALSE,"11:37:27","2024-06-06",36,"A","12","A12",86.95,22.38,97.28,134,24.43,0.960748
"254","Transplantation",TRUE,FALSE,"11:37:44","2024-06-06",36,"B","1","B1",88.94,22.45,97.28,141,23.66,2.549283
"255","Transplantation",TRUE,FALSE,"11:37:53","2024-06-06",36,"B","2","B2",89.04,22.48,97.28,152,24.15,2.025211
"256","Transplantation",TRUE,FALSE,"11:38:01","2024-06-06",36,"B","3","B3",87.41,22.51,97.28,168,23.68,1.486588
"257","Transplantation",TRUE,FALSE,"11:38:10","2024-06-06",36,"B","4","B4",87.36,22.55,97.27,167,23.33,1.747634
"258","Transplantation",TRUE,FALSE,"11:38:22","2024-06-06",36,"B","5","B5",89.58,22.59,97.27,164,23.74,3.197839
"259","Transplantation",TRUE,FALSE,"11:38:28","2024-06-06",36,"B","6","B6",87.47,22.62,97.27,194,24.11,1.39378
"260","Transplantation",TRUE,FALSE,"11:38:33","2024-06-06",36,"B","7","B7",87.81,22.65,97.27,170,24.6,1.171153
"261","Transplantation",TRUE,FALSE,"11:38:39","2024-06-06",36,"B","8","B8",86.96,22.68,97.27,169,23.76,1.283831
"262","Transplantation",TRUE,FALSE,"11:38:45","2024-06-06",36,"B","9","B9",86.94,22.7,97.27,155,23.64,1.319083
"263","Transplantation",TRUE,FALSE,"11:38:54","2024-06-06",36,"B","10","B10",86.5,22.74,97.27,177,23.59,1.196708
"264","Transplantation",TRUE,FALSE,"11:39:00","2024-06-06",36,"B","11","B11",87.17,22.78,97.27,163,24.53,1.033438
"265","Transplantation",TRUE,FALSE,"11:39:07","2024-06-06",36,"B","12","B12",88.25,22.81,97.26,158,24.67,1.338105
"266","Germination",FALSE,TRUE,"11:39:20","2024-06-06",36,"C","1","C1",87.51,22.87,97.26,161,23.84,1.642983
"267","Germination",FALSE,TRUE,"11:39:27","2024-06-06",36,"C","2","C2",87.95,22.91,97.26,137,24.2,1.57966
"268","Germination",FALSE,TRUE,"11:39:34","2024-06-06",36,"C","3","C3",86.91,22.94,97.26,166,23.79,1.37311
"269","Germination",FALSE,TRUE,"11:39:41","2024-06-06",36,"C","4","C4",87.85,22.98,97.26,175,23.95,1.891227
"270","Germination",FALSE,TRUE,"11:39:47","2024-06-06",36,"C","5","C5",87.09,23.01,97.26,171,23.8,1.630334
"271","Germination",FALSE,TRUE,"11:39:53","2024-06-06",36,"C","6","C6",87.8,23.04,97.26,167,24.57,1.426722
"272","Germination",FALSE,TRUE,"11:40:01","2024-06-06",36,"C","7","C7",86.17,23.07,97.26,174,23.48,1.415855
"273","Germination",FALSE,TRUE,"11:40:07","2024-06-06",36,"C","8","C8",87.26,23.11,97.26,164,23.45,2.244039
"274","Germination",FALSE,TRUE,"11:40:15","2024-06-06",36,"C","9","C9",86.54,23.14,97.26,173,24.26,1.184456
"275","Germination",FALSE,TRUE,"11:40:22","2024-06-06",36,"C","10","C10",86.72,23.18,97.26,166,24.24,1.326902
"276","Germination",FALSE,TRUE,"11:40:31","2024-06-06",36,"C","11","C11",86.2,23.22,97.26,176,23.54,1.765128
"277","Germination",FALSE,TRUE,"11:40:38","2024-06-06",36,"C","12","C12",87.04,23.25,97.26,160,23.74,2.231601
"278","Germ+Trans",TRUE,TRUE,"11:40:51","2024-06-06",36,"D","1","D1",86.27,23.32,97.26,145,23.64,2.113789
"279","Germ+Trans",TRUE,TRUE,"11:41:01","2024-06-06",36,"D","2","D2",85.48,23.36,97.26,153,24.44,0.972439
"280","Germ+Trans",TRUE,TRUE,"11:41:08","2024-06-06",36,"D","3","D3",85.53,23.4,97.26,168,24.45,0.988938
"281","Germ+Trans",TRUE,TRUE,"11:41:15","2024-06-06",36,"D","4","D4",87.33,23.43,97.27,148,24.48,1.678052
"282","Germ+Trans",TRUE,TRUE,"11:41:26","2024-06-06",36,"D","5","D5",85.81,23.49,97.26,155,24.75,0.896756
"283","Germ+Trans",TRUE,TRUE,"11:41:32","2024-06-06",36,"D","6","D6",86.05,23.51,97.26,170,24.77,0.974573
"284","Germ+Trans",TRUE,TRUE,"11:41:40","2024-06-06",36,"D","7","D7",86.73,23.56,97.27,146,24.29,1.576819
"285","Germ+Trans",TRUE,TRUE,"11:41:48","2024-06-06",36,"D","8","D8",85.59,23.59,97.26,165,24.62,0.933987
"286","Germ+Trans",TRUE,TRUE,"11:41:54","2024-06-06",36,"D","9","D9",85.96,23.62,97.27,143,24.31,1.3432
"287","Germ+Trans",TRUE,TRUE,"11:42:03","2024-06-06",36,"D","10","D10",84.79,23.66,97.27,158,23.76,1.271176
"288","Germ+Trans",TRUE,TRUE,"11:42:10","2024-06-06",36,"D","11","D11",84.82,23.69,97.26,136,24.34,1.031943
"289","Germ+Trans",TRUE,TRUE,"11:42:16","2024-06-06",36,"D","12","D12",84.54,23.72,97.27,154,24.84,0.752918
"290","Control",FALSE,FALSE,"10:51:39","2024-06-13",43,"A","1","A1",84.49,22.98,97.83,378,24.52,1.058006
"291","Control",FALSE,FALSE,"10:51:49","2024-06-13",43,"A","2","A2",84.84,23.05,97.84,288,25.06,0.971694
"292","Control",FALSE,FALSE,"10:52:02","2024-06-13",43,"A","3","A3",83.84,23.15,97.84,431,25.34,0.796761
"293","Control",FALSE,FALSE,"10:52:12","2024-06-13",43,"A","4","A4",84.39,23.22,97.83,435,25.64,0.85906
"294","Control",FALSE,FALSE,"10:52:20","2024-06-13",43,"A","5","A5",84.52,23.28,97.83,470,25.21,0.922737
"295","Control",FALSE,FALSE,"10:52:31","2024-06-13",43,"A","6","A6",83.3,23.36,97.82,462,24.32,0.94313
"296","Control",FALSE,FALSE,"10:52:40","2024-06-13",43,"A","7","A7",83.67,23.42,97.82,449,25.29,0.793476
"297","Control",FALSE,FALSE,"10:52:59","2024-06-13",43,"A","8","A8",83.38,23.57,97.83,446,24.98,0.887026
"298","Control",FALSE,FALSE,"10:53:07","2024-06-13",43,"A","9","A9",82.75,23.62,97.83,299,25.5,0.700923
"299","Control",FALSE,FALSE,"10:53:21","2024-06-13",43,"A","10","A10",81.92,23.72,97.83,435,25.92,0.536413
"300","Control",FALSE,FALSE,"10:53:27","2024-06-13",43,"A","11","A11",82.15,23.76,97.83,455,26.03,0.599563
"301","Control",FALSE,FALSE,"10:53:34","2024-06-13",43,"A","12","A12",81.29,23.8,97.84,390,26.05,0.502831
"302","Transplantation",TRUE,FALSE,"10:53:52","2024-06-13",43,"B","1","B1",81.86,23.93,97.84,388,26.43,0.495992
"303","Transplantation",TRUE,FALSE,"10:54:04","2024-06-13",43,"B","2","B2",82.2,24.01,97.84,438,25.53,0.685963
"304","Transplantation",TRUE,FALSE,"10:54:12","2024-06-13",43,"B","3","B3",81.3,24.06,97.83,402,25.68,0.54066
"305","Transplantation",TRUE,FALSE,"10:54:18","2024-06-13",43,"B","4","B4",81.53,24.11,97.83,376,24.74,0.748311
"306","Transplantation",TRUE,FALSE,"10:54:25","2024-06-13",43,"B","5","B5",81.67,24.15,97.83,376,25.76,0.581578
"307","Transplantation",TRUE,FALSE,"10:54:30","2024-06-13",43,"B","6","B6",82.33,24.19,97.83,402,26.4,0.541572
"308","Transplantation",TRUE,FALSE,"10:54:43","2024-06-13",43,"B","7","B7",82.7,24.28,97.83,393,25.59,0.711865
"309","Transplantation",TRUE,FALSE,"10:54:50","2024-06-13",43,"B","8","B8",82.5,24.32,97.83,423,26.09,0.618179
"310","Transplantation",TRUE,FALSE,"10:54:56","2024-06-13",43,"B","9","B9",81.7,24.36,97.83,389,25.94,0.522335
"311","Transplantation",TRUE,FALSE,"10:55:02","2024-06-13",43,"B","10","B10",81.81,24.4,97.83,345,26.1,0.59304
"312","Transplantation",TRUE,FALSE,"10:55:10","2024-06-13",43,"B","11","B11",80.06,24.45,97.83,418,25.2,0.523249
"313","Germination",FALSE,TRUE,"10:55:19","2024-06-13",43,"C","1","C1",80.37,24.51,97.83,422,25.91,0.520411
"314","Germination",FALSE,TRUE,"10:55:35","2024-06-13",43,"C","1","C1",78.98,24.61,97.82,179,25.08,0.425905
"315","Germination",FALSE,TRUE,"10:55:48","2024-06-13",43,"C","2","C2",80.44,24.68,97.82,175,26.36,0.435714
"316","Germination",FALSE,TRUE,"10:55:54","2024-06-13",43,"C","3","C3",80.02,24.72,97.82,173,26.42,0.366695
"317","Germination",FALSE,TRUE,"10:56:13","2024-06-13",43,"C","4","C4",77.28,24.83,97.82,193,25.79,0.225656
"318","Germination",FALSE,TRUE,"10:56:19","2024-06-13",43,"C","5","C5",77.84,24.87,97.82,203,25.87,0.28062
"319","Germination",FALSE,TRUE,"10:56:28","2024-06-13",43,"C","6","C6",78.98,24.92,97.82,185,24.48,0.727926
"320","Germination",FALSE,TRUE,"10:56:34","2024-06-13",43,"C","7","C7",78.33,24.95,97.82,170,25.3,0.484963
"321","Germination",FALSE,TRUE,"10:56:40","2024-06-13",43,"C","8","C8",78.09,24.98,97.82,173,25.46,0.427031
"322","Germination",FALSE,TRUE,"10:56:46","2024-06-13",43,"C","9","C9",77.35,25.01,97.82,230,24.96,0.354798
"323","Germination",FALSE,TRUE,"10:56:52","2024-06-13",43,"C","10","C10",76.54,25.05,97.82,315,25.54,0.221355
"324","Germination",FALSE,TRUE,"10:57:01","2024-06-13",43,"C","11","C11",75.48,25.1,97.82,181,25.65,0.087601
"325","Germination",FALSE,TRUE,"10:57:08","2024-06-13",43,"C","12","C12",76.54,25.13,97.82,204,25.26,0.306225
"326","Germ+Trans",TRUE,TRUE,"10:57:20","2024-06-13",43,"D","1","D1",75.16,25.19,97.82,350,25.1,0.128473
"327","Germ+Trans",TRUE,TRUE,"10:57:38","2024-06-13",43,"D","2","D2",74.68,25.29,97.82,272,24.76,0.070927
"328","Germ+Trans",TRUE,TRUE,"10:57:45","2024-06-13",43,"D","3","D3",74.86,25.32,97.82,301,28,0.072391
"329","Germ+Trans",TRUE,TRUE,"10:57:50","2024-06-13",43,"D","4","D4",75.49,25.35,97.82,294,25.05,0.191766
"330","Germ+Trans",TRUE,TRUE,"10:57:58","2024-06-13",43,"D","5","D5",75.7,25.39,97.82,393,25.95,0.209695
"331","Germ+Trans",TRUE,TRUE,"10:58:07","2024-06-13",43,"D","6","D6",76.27,25.44,97.82,406,25.56,0.289673
"332","Germ+Trans",TRUE,TRUE,"10:58:13","2024-06-13",43,"D","7","D7",75.89,25.47,97.82,304,24.66,0.360588
"333","Germ+Trans",TRUE,TRUE,"10:58:19","2024-06-13",43,"D","8","D8",74.81,25.5,97.82,256,26.3,0.119621
"334","Germ+Trans",TRUE,TRUE,"10:58:24","2024-06-13",43,"D","9","D9",74.9,25.53,97.82,351,24.85,0.150506
"335","Germ+Trans",TRUE,TRUE,"10:58:30","2024-06-13",43,"D","10","D10",75.74,25.56,97.82,263,24.55,0.35955
"336","Germ+Trans",TRUE,TRUE,"10:58:39","2024-06-13",43,"D","11","D11",75.74,25.59,97.82,323,25.04,0.35956
"337","Germ+Trans",TRUE,TRUE,"10:58:49","2024-06-13",43,"D","12","D12",75.43,25.64,97.82,218,25.49,0.3618
"338","Control",FALSE,FALSE,"12:28:40","2024-06-27",57,"A","1","A1",79.14,24.69,97.32,330,26.83,1.783852
"339","Control",FALSE,FALSE,"12:28:46","2024-06-27",57,"A","2","A2",83.14,24.73,97.33,271,27.2,2.456691
"340","Control",FALSE,FALSE,"12:28:52","2024-06-27",57,"A","3","A3",80.2,24.75,97.32,273,26.97,1.245295
"341","Control",FALSE,FALSE,"12:29:08","2024-06-27",57,"A","5","A5",82.34,24.83,97.31,230,26.17,1.66599
"342","Control",FALSE,FALSE,"12:30:08","2024-06-27",57,"A","6","A6",87.05,25.1,97.32,300,26.5,3.331275
"343","Control",FALSE,FALSE,"12:30:15","2024-06-27",57,"A","7","A7",86.36,25.14,97.32,382,26.8,2.103332
"344","Control",FALSE,FALSE,"12:30:22","2024-06-27",57,"A","8","A8",84.08,25.18,97.33,210,26.97,1.138138
"345","Control",FALSE,FALSE,"12:30:30","2024-06-27",57,"A","9","A9",86.27,25.22,97.33,293,26.56,2.48861
"346","Control",FALSE,FALSE,"12:30:39","2024-06-27",57,"A","10","A10",84.24,25.26,97.33,299,26.97,1.276441
"347","Control",FALSE,FALSE,"12:30:57","2024-06-27",57,"A","11","A11",86.54,25.36,97.32,32,26.1,3.51063
"348","Transplantation",TRUE,FALSE,"12:31:20","2024-06-27",57,"B","1","B1",86.03,25.49,97.32,185,26.77,1.998225
"349","Transplantation",TRUE,FALSE,"12:31:48","2024-06-27",57,"B","4","B4",84.82,25.64,97.33,345,27.61,0.977258
"350","Transplantation",TRUE,FALSE,"12:32:29","2024-06-27",57,"B","9","B9",84.06,25.88,97.33,350,27.05,1.206443
"351","Transplantation",TRUE,FALSE,"12:32:35","2024-06-27",57,"B","10","B10",84.73,25.92,97.33,417,26.86,1.585917
"352","Transplantation",TRUE,FALSE,"12:32:59","2024-06-27",57,"B","12","B12",82.32,26.04,97.34,253,25.61,1.403075
"353","Germination",FALSE,TRUE,"12:33:11","2024-06-27",57,"C","1","C1",85.79,26.11,97.34,209,28.19,1.23915
"354","Germination",FALSE,TRUE,"12:33:31","2024-06-27",57,"C","3","C3",87.08,26.22,97.33,207,27.86,1.70111
"355","Germination",FALSE,TRUE,"12:33:37","2024-06-27",57,"C","4","C4",86.15,26.26,97.33,247,27.05,1.948682
"356","Germination",FALSE,TRUE,"12:33:44","2024-06-27",57,"C","5","C5",85.91,26.29,97.33,228,26.59,2.590722
"357","Germination",FALSE,TRUE,"12:33:51","2024-06-27",57,"C","6","C6",85.25,26.33,97.34,149,27.05,1.594853
"358","Germination",FALSE,TRUE,"12:33:58","2024-06-27",57,"C","7","C7",84.65,26.36,97.34,139,27.09,1.355204
"359","Germination",FALSE,TRUE,"12:34:10","2024-06-27",57,"C","9","C9",83.51,26.43,97.34,215,27.25,1.062025
"360","Germination",FALSE,TRUE,"12:34:17","2024-06-27",57,"C","10","C10",82.89,26.46,97.34,303,26.54,1.233245
"361","Germination",FALSE,TRUE,"12:34:23","2024-06-27",57,"C","11","C11",82.54,26.49,97.34,287,26.19,1.402472
"362","Germ+Trans",TRUE,TRUE,"12:34:42","2024-06-27",57,"D","1","D1",82.82,26.58,97.34,262,27.94,0.796651
"363","Germ+Trans",TRUE,TRUE,"12:35:10","2024-06-27",57,"D","5","D5",81.36,26.72,97.34,441,26.87,0.858528
"364","Germ+Trans",TRUE,TRUE,"12:35:16","2024-06-27",57,"D","6","D6",81.64,26.75,97.34,440,27.11,0.896573
"365","Germ+Trans",TRUE,TRUE,"12:35:39","2024-06-27",57,"D","9","D9",80.85,26.87,97.35,454,27.24,0.717974
"366","Germ+Trans",TRUE,TRUE,"12:35:44","2024-06-27",57,"D","10","D10",80.28,26.9,97.35,351,27.08,0.652236
"367","Germ+Trans",TRUE,TRUE,"12:36:03","2024-06-27",57,"D","12","D12",79.97,26.99,97.35,283,27.15,0.699224
"368","Control",FALSE,FALSE,"12:15:23","2024-06-20",50,"A","1","A1",75.56,24.35,98.79,308,27.05,0.608796
"369","Control",FALSE,FALSE,"12:15:29","2024-06-20",50,"A","2","A2",77.68,24.37,98.79,369,26.96,0.778166
"370","Control",FALSE,FALSE,"12:15:35","2024-06-20",50,"A","3","A3",78.97,24.4,98.79,339,28.19,0.710474
"371","Control",FALSE,FALSE,"12:15:46","2024-06-20",50,"A","4","A4",78.07,24.45,98.79,246,27.54,0.598439
"372","Control",FALSE,FALSE,"12:15:58","2024-06-20",50,"A","5","A5",78.67,24.5,98.79,380,27.11,0.623511
"373","Control",FALSE,FALSE,"12:16:07","2024-06-20",50,"A","6","A6",78.86,24.53,98.8,342,26.87,0.651466
"374","Control",FALSE,FALSE,"12:16:17","2024-06-20",50,"A","7","A7",78.29,24.58,98.8,252,28.32,0.381837
"375","Control",FALSE,FALSE,"12:16:32","2024-06-20",50,"A","9","A9",78.38,24.65,98.8,263,27.62,0.426661
"376","Control",FALSE,FALSE,"12:17:21","2024-06-20",50,"A","10","A10",76.79,24.91,98.78,276,25.97,0.431851
"377","Control",FALSE,FALSE,"12:17:29","2024-06-20",50,"A","11","A11",78.18,24.96,98.78,303,26.37,0.586224
"378","Transplantation",TRUE,FALSE,"12:18:27","2024-06-20",50,"B","1","B1",76.09,25.33,98.79,424,26.64,0.411691
"379","Transplantation",TRUE,FALSE,"12:18:47","2024-06-20",50,"B","3","B3",77.05,25.47,98.78,520,26.36,0.62361
"380","Transplantation",TRUE,FALSE,"12:18:53","2024-06-20",50,"B","4","B4",75.94,25.51,98.78,516,26.52,0.396853
"381","Transplantation",TRUE,FALSE,"12:19:08","2024-06-20",50,"B","6","B6",73.93,25.6,98.78,512,26.72,0.241239
"382","Transplantation",TRUE,FALSE,"12:19:31","2024-06-20",50,"B","7","B7",73.13,25.75,98.79,467,26.83,0.1581
"383","Transplantation",TRUE,FALSE,"12:19:36","2024-06-20",50,"B","8","B8",74.59,25.78,98.79,574,26.85,0.374884
"384","Transplantation",TRUE,FALSE,"12:19:42","2024-06-20",50,"B","9","B9",74.11,25.82,98.79,405,25.86,0.400191
"385","Transplantation",TRUE,FALSE,"12:19:51","2024-06-20",50,"B","10","B10",72.65,25.87,98.8,388,27.02,0.126315
"386","Transplantation",TRUE,FALSE,"12:20:06","2024-06-20",50,"B","12","B12",73.6,25.95,98.8,426,26.02,0.374103
"387","Germination",FALSE,TRUE,"12:20:31","2024-06-20",50,"C","1","C1",74.08,26.09,98.8,250,27.57,0.223412
"388","Germination",FALSE,TRUE,"12:20:38","2024-06-20",50,"C","2","C2",76.97,26.14,98.79,216,27.4,0.569252
"389","Germination",FALSE,TRUE,"12:20:45","2024-06-20",50,"C","3","C3",74,26.18,98.79,200,26.41,0.284695
"390","Germination",FALSE,TRUE,"12:20:51","2024-06-20",50,"C","4","C4",73.18,26.21,98.79,311,26.39,0.15912
"391","Germination",FALSE,TRUE,"12:20:57","2024-06-20",50,"C","5","C5",75.02,26.24,98.79,342,27.08,0.386679
"392","Germination",FALSE,TRUE,"12:21:17","2024-06-20",50,"C","8","C8",72.54,26.34,98.79,225,26.79,0.25729
"393","Germination",FALSE,TRUE,"12:21:22","2024-06-20",50,"C","9","C9",70.86,26.37,98.79,176,29.81,0.055039
"394","Germination",FALSE,TRUE,"12:21:40","2024-06-20",50,"C","12","C12",69.99,26.46,98.8,152,25.34,0.015657
"395","Germ+Trans",TRUE,TRUE,"12:21:54","2024-06-20",50,"D","1","D1",71.22,26.52,98.8,279,25.66,0.257375
"396","Germ+Trans",TRUE,TRUE,"12:22:03","2024-06-20",50,"D","2","D2",70.43,26.57,98.8,276,26.04,0.171996
"397","Germ+Trans",TRUE,TRUE,"12:22:14","2024-06-20",50,"D","4","D4",70.6,26.62,98.8,307,25.9,0.174539
"398","Germ+Trans",TRUE,TRUE,"12:22:20","2024-06-20",50,"D","5","D5",71.15,26.65,98.8,349,25.87,0.261726
"399","Germ+Trans",TRUE,TRUE,"12:22:37","2024-06-20",50,"D","7","D7",70.98,26.73,98.8,397,27.07,0.168884
"400","Germ+Trans",TRUE,TRUE,"12:22:42","2024-06-20",50,"D","8","D8",71.62,26.76,98.8,421,26.67,0.290501
"401","Germ+Trans",TRUE,TRUE,"12:22:51","2024-06-20",50,"D","9","D9",70.88,26.8,98.79,482,25.95,0.203961
"402","Germ+Trans",TRUE,TRUE,"12:22:58","2024-06-20",50,"D","10","D10",70.32,26.83,98.79,415,26.62,0.14413
"403","Germ+Trans",TRUE,TRUE,"12:23:08","2024-06-20",50,"D","11","D11",69.44,26.88,98.79,467,32.15,0.009463
"404","Germ+Trans",TRUE,TRUE,"12:23:24","2024-06-20",50,"D","12","D12",68.87,26.97,98.79,435,26.3,0.031861
"405","Control",FALSE,FALSE,"12:18:14","2024-06-25",55,"A","1","A1",76,24.83,97.73,338,27,0.446973
"406","Control",FALSE,FALSE,"12:18:21","2024-06-25",55,"A","2","A2",77.7,24.87,97.73,339,27.39,0.539412
"407","Control",FALSE,FALSE,"12:18:39","2024-06-25",55,"A","3","A3",79.29,24.97,97.74,287,27.45,0.608585
"408","Control",FALSE,FALSE,"12:18:56","2024-06-25",55,"A","5","A5",77.4,25.07,97.72,304,26.92,0.457859
"409","Control",FALSE,FALSE,"12:19:07","2024-06-25",55,"A","6","A6",77.34,25.13,97.72,298,26.36,0.532137
"410","Control",FALSE,FALSE,"12:19:43","2024-06-25",55,"A","7","A7",75.35,25.35,97.71,303,27.1,0.364848
"411","Control",FALSE,FALSE,"12:19:59","2024-06-25",55,"A","9","A9",73.23,25.44,97.71,201,26.89,0.158499
"412","Control",FALSE,FALSE,"12:20:10","2024-06-25",55,"A","10","A10",73.17,25.51,97.72,304,27.67,0.129889
"413","Control",FALSE,FALSE,"12:20:25","2024-06-25",55,"A","11","A11",73.95,25.6,97.72,290,25.88,0.285574
"414","Control",FALSE,FALSE,"12:20:31","2024-06-25",55,"A","12","A12",72.29,25.64,97.72,224,26.74,0.107305
"415","Transplantation",TRUE,FALSE,"12:20:51","2024-06-25",55,"B","1","B1",71.51,25.76,97.72,343,25.59,0.100739
"416","Transplantation",TRUE,FALSE,"12:21:08","2024-06-25",55,"B","2","B2",73.61,25.86,97.72,441,25.91,0.496873
"417","Transplantation",TRUE,FALSE,"12:21:15","2024-06-25",55,"B","3","B3",71.31,25.9,97.72,478,26.01,0.193296
"418","Transplantation",TRUE,FALSE,"12:21:25","2024-06-25",55,"B","4","B4",69.65,25.96,97.72,420,26.25,0.033625
"419","Transplantation",TRUE,FALSE,"12:21:31","2024-06-25",55,"B","5","B5",69.37,25.99,97.72,396,26.08,0.021447
"420","Transplantation",TRUE,FALSE,"12:21:36","2024-06-25",55,"B","6","B6",70.83,26.02,97.73,482,26.24,0.220385
"421","Transplantation",TRUE,FALSE,"12:21:49","2024-06-25",55,"B","8","B8",68.98,26.1,97.73,466,25.95,0.023044
"422","Transplantation",TRUE,FALSE,"12:21:57","2024-06-25",55,"B","9","B9",69.44,26.14,97.73,469,25.79,0.127822
"423","Transplantation",TRUE,FALSE,"12:22:05","2024-06-25",55,"B","10","B10",68.66,26.18,97.72,459,26.69,0.025493
"424","Transplantation",TRUE,FALSE,"12:22:12","2024-06-25",55,"B","11","B11",69.19,26.22,97.72,484,26.38,0.098063
"425","Transplantation",TRUE,FALSE,"12:22:19","2024-06-25",55,"B","12","B12",68.49,26.25,97.72,438,26.99,0.037942
"426","Germination",FALSE,TRUE,"12:22:35","2024-06-25",55,"C","1","C1",69.24,26.34,97.71,274,27.48,0.010757
"427","Germination",FALSE,TRUE,"12:22:46","2024-06-25",55,"C","2","C2",73.65,26.4,97.72,312,25.81,0.635908
"428","Germination",FALSE,TRUE,"12:22:53","2024-06-25",55,"C","3","C3",71.53,26.43,97.72,226,26.04,0.299071
"429","Germination",FALSE,TRUE,"12:22:58","2024-06-25",55,"C","4","C4",69.64,26.46,97.72,308,26.7,0.025033
"430","Germination",FALSE,TRUE,"12:23:21","2024-06-25",55,"C","7","C7",68.12,26.56,97.72,172,26.04,0.043377
"431","Germination",FALSE,TRUE,"12:23:30","2024-06-25",55,"C","8","C8",67.31,26.61,97.72,186,26.64,0.008936
"432","Germination",FALSE,TRUE,"12:23:36","2024-06-25",55,"C","9","C9",67.21,26.63,97.72,238,26.25,0.03594
"433","Germination",FALSE,TRUE,"12:23:42","2024-06-25",55,"C","10","C10",67.82,26.66,97.72,194,25.32,0.141993
"434","Germination",FALSE,TRUE,"12:23:52","2024-06-25",55,"C","12","C12",67.8,26.7,97.72,181,26.14,0.116442
"435","Germ+Trans",TRUE,TRUE,"12:24:05","2024-06-25",55,"D","1","D1",67.17,26.75,97.72,344,25.85,0.077001
"436","Germ+Trans",TRUE,TRUE,"12:24:22","2024-06-25",55,"D","3","D3",67.57,26.83,97.72,380,25.6,0.167181
"437","Germ+Trans",TRUE,TRUE,"12:24:43","2024-06-25",55,"D","5","D5",68.75,26.92,97.72,384,25.99,0.397996
"438","Germ+Trans",TRUE,TRUE,"12:25:00","2024-06-25",55,"D","7","D7",67.86,26.99,97.72,335,25.97,0.228509
"439","Germ+Trans",TRUE,TRUE,"12:25:07","2024-06-25",55,"D","8","D8",68.52,27.03,97.73,355,26.17,0.289098
"440","Germ+Trans",TRUE,TRUE,"12:25:35","2024-06-25",55,"D","11","D11",67.36,27.14,97.73,347,26.32,0.129996
"441","Control",FALSE,FALSE,"12:56:11","2024-07-09",69,"A","1","A1",66.94,26.75,97.75,150,29.76,0.088384
"442","Control",FALSE,FALSE,"12:56:17","2024-07-09",69,"A","2","A2",69.97,26.77,97.75,143,30.46,0.178588
"443","Control",FALSE,FALSE,"12:56:23","2024-07-09",69,"A","3","A3",79.06,26.8,97.75,105,30.98,0.983756
"444","Control",FALSE,FALSE,"12:56:29","2024-07-09",69,"A","4","A4",81.6,26.82,97.74,142,30.8,1.335201
"445","Control",FALSE,FALSE,"12:56:36","2024-07-09",69,"A","5","A5",76.03,26.84,97.74,99,30.35,0.433391
"446","Control",FALSE,FALSE,"12:56:43","2024-07-09",69,"A","6","A6",76.39,26.87,97.74,137,30.12,0.415209
"447","Control",FALSE,FALSE,"12:56:50","2024-07-09",69,"A","7","A7",78.89,26.9,97.75,126,31.35,0.527654
"448","Control",FALSE,FALSE,"12:56:56","2024-07-09",69,"A","8","A8",81.05,26.92,97.75,123,30.64,0.845494
"449","Control",FALSE,FALSE,"12:57:24","2024-07-09",69,"A","12","A12",82.39,27.03,97.74,111,31.52,0.755197
"450","Transplantation",TRUE,FALSE,"12:57:37","2024-07-09",69,"B","1","B1",80.3,27.08,97.74,132,29.68,0.717902
"451","Transplantation",TRUE,FALSE,"12:57:52","2024-07-09",69,"B","2","B2",80.21,27.14,97.74,116,28.52,0.840306
"452","Transplantation",TRUE,FALSE,"12:57:59","2024-07-09",69,"B","3","B3",81.51,27.17,97.74,107,28.16,1.489691
"453","Transplantation",TRUE,FALSE,"12:58:06","2024-07-09",69,"B","4","B4",80.75,27.2,97.74,63,28.99,0.992888
"454","Transplantation",TRUE,FALSE,"12:58:13","2024-07-09",69,"B","5","B5",81.82,27.23,97.74,122,30,0.931892
"455","Transplantation",TRUE,FALSE,"12:58:20","2024-07-09",69,"B","6","B6",77.29,27.26,97.74,92,28.64,0.410828
"456","Transplantation",TRUE,FALSE,"12:58:25","2024-07-09",69,"B","7","B7",78.04,27.28,97.74,88,29.41,0.498805
"457","Transplantation",TRUE,FALSE,"12:58:30","2024-07-09",69,"B","8","B8",77.59,27.3,97.75,107,29,0.472397
"458","Transplantation",TRUE,FALSE,"12:58:37","2024-07-09",69,"B","9","B9",77.7,27.32,97.74,125,27.51,0.706522
"459","Transplantation",TRUE,FALSE,"12:58:41","2024-07-09",69,"B","10","B10",79.4,27.34,97.74,121,29.83,0.666502
"460","Transplantation",TRUE,FALSE,"12:58:51","2024-07-09",69,"B","11","B11",75.34,27.38,97.75,120,28.32,0.217748
"461","Transplantation",TRUE,FALSE,"12:59:00","2024-07-09",69,"B","12","B12",77.67,27.42,97.75,112,28.29,0.621463
"462","Germination",FALSE,TRUE,"12:59:10","2024-07-09",69,"C","1","C1",80.08,27.46,97.75,97,29.77,0.806995
"463","Germination",FALSE,TRUE,"12:59:19","2024-07-09",69,"C","2","C2",79.49,27.5,97.75,120,28.12,1.021224
"464","Germination",FALSE,TRUE,"12:59:26","2024-07-09",69,"C","3","C3",78.07,27.52,97.75,199,29.63,0.467113
"465","Germination",FALSE,TRUE,"12:59:37","2024-07-09",69,"C","5","C5",77.29,27.57,97.74,276,29.51,0.367908
"466","Germination",FALSE,TRUE,"12:59:43","2024-07-09",69,"C","6","C6",76.79,27.6,97.74,290,29.5,0.343467
"467","Germination",FALSE,TRUE,"12:59:48","2024-07-09",69,"C","7","C7",79.08,27.62,97.74,291,30.38,0.572462
"468","Germination",FALSE,TRUE,"12:59:58","2024-07-09",69,"C","8","C8",77.6,27.67,97.74,381,29.23,0.512328
"469","Germination",FALSE,TRUE,"13:00:02","2024-07-09",69,"C","9","C9",78.06,27.69,97.74,346,30.03,0.499461
"470","Germination",FALSE,TRUE,"13:00:08","2024-07-09",69,"C","10","C10",77.14,27.72,97.74,364,29.75,0.411054
"471","Germination",FALSE,TRUE,"13:00:13","2024-07-09",69,"C","11","C11",77.47,27.74,97.74,453,30.35,0.392374
"472","Germination",FALSE,TRUE,"13:00:20","2024-07-09",69,"C","12","C12",77.01,27.77,97.74,382,29.54,0.38769
"473","Germ+Trans",TRUE,TRUE,"13:00:35","2024-07-09",69,"D","1","D1",76.49,27.84,97.74,416,30.13,0.34014
"474","Germ+Trans",TRUE,TRUE,"13:00:43","2024-07-09",69,"D","2","D2",77.04,27.89,97.74,329,29.71,0.436877
"475","Germ+Trans",TRUE,TRUE,"13:00:49","2024-07-09",69,"D","3","D3",78.55,27.91,97.74,371,29.01,0.804204
"476","Germ+Trans",TRUE,TRUE,"13:00:53","2024-07-09",69,"D","4","D4",78.63,27.93,97.74,402,29.97,0.648163
"477","Germ+Trans",TRUE,TRUE,"13:00:59","2024-07-09",69,"D","5","D5",77.68,27.96,97.74,415,29.85,0.487807
"478","Germ+Trans",TRUE,TRUE,"13:01:05","2024-07-09",69,"D","6","D6",78.36,27.99,97.75,283,30.64,0.486049
"479","Germ+Trans",TRUE,TRUE,"13:01:13","2024-07-09",69,"D","7","D7",76.89,28.03,97.75,449,31.84,0.23496
"480","Germ+Trans",TRUE,TRUE,"13:01:24","2024-07-09",69,"D","8","D8",79.59,28.08,97.75,400,29.45,0.851646
"481","Germ+Trans",TRUE,TRUE,"13:01:35","2024-07-09",69,"D","10","D10",77.38,28.14,97.75,425,28.72,0.647378
"482","Germ+Trans",TRUE,TRUE,"13:01:40","2024-07-09",69,"D","11","D11",77.24,28.16,97.75,428,29.2,0.527867
"483","Germ+Trans",TRUE,TRUE,"13:01:48","2024-07-09",69,"D","12","D12",77.68,28.2,97.75,437,30.16,0.431103
"484","Control",FALSE,FALSE,"12:35:15","2024-07-02",62,"A","1","A1",56.39,28.32,98.21,283,28.29,0.109753
"485","Control",FALSE,FALSE,"12:35:30","2024-07-02",62,"A","3","A3",58.14,28.37,98.21,302,27.94,0.2629
"486","Control",FALSE,FALSE,"12:36:03","2024-07-02",62,"A","7","A7",56.35,28.48,98.2,460,28.49,0.000988
"487","Control",FALSE,FALSE,"12:36:19","2024-07-02",62,"A","8","A8",59.5,28.55,98.21,332,27.81,0.237773
"488","Control",FALSE,FALSE,"12:36:40","2024-07-02",62,"A","11","A11",56.49,28.65,98.2,355,30.25,0.007533
"489","Control",FALSE,FALSE,"12:36:50","2024-07-02",62,"A","12","A12",61.1,28.7,98.2,463,30.31,0.282638
"490","Transplantation",TRUE,FALSE,"12:37:03","2024-07-02",62,"B","1","B1",57.17,28.77,98.2,449,28.21,0.130817
"491","Transplantation",TRUE,FALSE,"12:37:26","2024-07-02",62,"B","3","B3",55.64,28.9,98.21,443,28.3,0.075766
"492","Transplantation",TRUE,FALSE,"12:37:47","2024-07-02",62,"B","6","B6",54.52,29.01,98.21,401,27.69,0.107632
"493","Transplantation",TRUE,FALSE,"12:37:56","2024-07-02",62,"B","8","B8",53.64,29.06,98.21,484,28.1,0.048942
"494","Transplantation",TRUE,FALSE,"12:38:15","2024-07-02",62,"B","10","B10",54.95,29.17,98.22,397,28.37,0.109182
"495","Transplantation",TRUE,FALSE,"12:38:22","2024-07-02",62,"B","11","B11",53.73,29.2,98.22,430,28.72,0.00865
"496","Germination",FALSE,TRUE,"12:39:11","2024-07-02",62,"C","3","C3",52.79,29.49,98.21,278,26.19,0.189173
"497","Germination",FALSE,TRUE,"12:39:38","2024-07-02",62,"C","7","C7",51.79,29.63,98.21,319,26.93,0.061898
"498","Germination",FALSE,TRUE,"12:40:00","2024-07-02",62,"C","10","C10",50.33,29.73,98.22,314,26.9,0.017994
"499","Germ+Trans",TRUE,TRUE,"12:40:23","2024-07-02",62,"D","1","D1",54.22,29.84,98.22,390,27.52,0.443042
"500","Germ+Trans",TRUE,TRUE,"12:40:31","2024-07-02",62,"D","2","D2",52.64,29.88,98.22,335,27.9,0.169853
"501","Germ+Trans",TRUE,TRUE,"12:41:05","2024-07-02",62,"D","8","D8",50.46,30.05,98.23,332,26.67,0.08732
"502","Germ+Trans",TRUE,TRUE,"12:41:17","2024-07-02",62,"D","10","D10",51.17,30.1,98.24,349,27.99,0.182154
"503","Control",FALSE,FALSE,"13:00:18","2024-07-11",71,"A","1","A1",70.55,25.57,97.86,452,27.54,0.57346
"504","Control",FALSE,FALSE,"13:00:23","2024-07-11",71,"A","2","A2",73.59,25.59,97.86,408,29.02,0.641821
"505","Control",FALSE,FALSE,"13:00:29","2024-07-11",71,"A","3","A3",73.15,25.62,97.86,288,27.8,0.607772
"506","Control",FALSE,FALSE,"13:00:35","2024-07-11",71,"A","4","A4",74.66,25.64,97.85,394,28.14,0.708205
"507","Control",FALSE,FALSE,"13:00:43","2024-07-11",71,"A","5","A5",73.25,25.67,97.85,521,27.68,0.522209
"508","Control",FALSE,FALSE,"13:00:48","2024-07-11",71,"A","6","A6",73.87,25.69,97.85,522,27.91,0.566151
"509","Control",FALSE,FALSE,"13:00:54","2024-07-11",71,"A","7","A7",74.38,25.71,97.85,468,29.25,0.461136
"510","Control",FALSE,FALSE,"13:00:59","2024-07-11",71,"A","8","A8",75.55,25.74,97.85,456,28.4,0.636574
"511","Control",FALSE,FALSE,"13:01:08","2024-07-11",71,"A","9","A9",75.24,25.77,97.85,428,29.21,0.458524
"512","Control",FALSE,FALSE,"13:01:14","2024-07-11",71,"A","10","A10",76.16,25.8,97.85,514,28.47,0.659522
"513","Control",FALSE,FALSE,"13:01:21","2024-07-11",71,"A","11","A11",73.71,25.83,97.86,352,29.03,0.337516
"514","Transplantation",TRUE,FALSE,"13:01:34","2024-07-11",71,"B","1","B1",74.75,25.88,97.86,510,28.39,0.5002
"515","Transplantation",TRUE,FALSE,"13:01:45","2024-07-11",71,"B","2","B2",74.2,25.94,97.86,489,27.54,0.476827
"516","Transplantation",TRUE,FALSE,"13:01:57","2024-07-11",71,"B","4","B4",72.09,25.99,97.85,261,27.15,0.405704
"517","Transplantation",TRUE,FALSE,"13:02:02","2024-07-11",71,"B","5","B5",72.48,26.01,97.85,457,27.58,0.451749
"518","Transplantation",TRUE,FALSE,"13:02:07","2024-07-11",71,"B","6","B6",72.62,26.03,97.85,194,26.89,0.523172
"519","Transplantation",TRUE,FALSE,"13:02:13","2024-07-11",71,"B","7","B7",72.41,26.06,97.86,355,27.3,0.400954
"520","Transplantation",TRUE,FALSE,"13:02:18","2024-07-11",71,"B","8","B8",71.93,26.08,97.86,452,26.5,0.440209
"521","Transplantation",TRUE,FALSE,"13:02:29","2024-07-11",71,"B","9","B9",72.12,26.13,97.86,425,26.54,0.4721
"522","Transplantation",TRUE,FALSE,"13:02:34","2024-07-11",71,"B","10","B10",71.81,26.15,97.85,428,27.85,0.291506
"523","Transplantation",TRUE,FALSE,"13:02:40","2024-07-11",71,"B","11","B11",71.79,26.18,97.85,389,26.36,0.424677
"524","Transplantation",TRUE,FALSE,"13:02:51","2024-07-11",71,"B","12","B12",71.02,26.23,97.84,370,27.4,0.292789
"525","Transplantation",TRUE,FALSE,"13:03:01","2024-07-11",71,"B","1","B1",72.31,26.27,97.85,292,27.88,0.370677
"526","Germination",FALSE,TRUE,"13:03:12","2024-07-11",71,"C","1","C1",73.42,26.32,97.85,275,26.96,0.513225
"527","Germination",FALSE,TRUE,"13:03:40","2024-07-11",71,"C","2","C2",72.51,26.45,97.85,301,27.38,0.466345
"528","Germination",FALSE,TRUE,"13:03:46","2024-07-11",71,"C","3","C3",71.91,26.48,97.85,333,28.03,0.337663
"529","Germination",FALSE,TRUE,"13:03:55","2024-07-11",71,"C","4","C4",71.42,26.53,97.85,416,27.73,0.251035
"530","Germination",FALSE,TRUE,"13:04:03","2024-07-11",71,"C","5","C5",70.57,26.56,97.86,250,26.99,0.272222
"531","Germination",FALSE,TRUE,"13:04:18","2024-07-11",71,"C","7","C7",70.78,26.63,97.85,318,26.96,0.265138
"532","Germination",FALSE,TRUE,"13:04:27","2024-07-11",71,"C","8","C8",70.27,26.68,97.85,227,26.51,0.29042
"533","Germination",FALSE,TRUE,"13:04:36","2024-07-11",71,"C","9","C9",69.7,26.71,97.85,354,26.36,0.223314
"534","Germination",FALSE,TRUE,"13:04:41","2024-07-11",71,"C","10","C10",69.46,26.73,97.85,354,26.45,0.226679
"535","Germination",FALSE,TRUE,"13:04:46","2024-07-11",71,"C","11","C11",69.14,26.75,97.85,337,26.52,0.223386
"536","Germination",FALSE,TRUE,"13:04:51","2024-07-11",71,"C","12","C12",68.35,26.77,97.85,320,29.54,0.074062
"537","Germ+Trans",TRUE,TRUE,"13:05:03","2024-07-11",71,"D","1","D1",69.53,26.82,97.85,479,31.18,0.100212
"538","Germ+Trans",TRUE,TRUE,"13:05:13","2024-07-11",71,"D","2","D2",71.6,26.88,97.85,442,26.96,0.56749
"539","Germ+Trans",TRUE,TRUE,"13:05:26","2024-07-11",71,"D","3","D3",70.62,26.93,97.86,435,27.66,0.393912
"540","Germ+Trans",TRUE,TRUE,"13:05:41","2024-07-11",71,"D","5","D5",69.38,27,97.85,387,27.05,0.209261
"541","Germ+Trans",TRUE,TRUE,"13:05:55","2024-07-11",71,"D","7","D7",69.81,27.06,97.85,394,27.61,0.251064
"542","Germ+Trans",TRUE,TRUE,"13:06:08","2024-07-11",71,"D","9","D9",69.41,27.12,97.85,282,26.86,0.2808
"543","Germ+Trans",TRUE,TRUE,"13:06:26","2024-07-11",71,"D","12","D12",67.16,27.19,97.85,370,26.77,0.107789
"544","Control",FALSE,FALSE,"12:09:38","2024-07-18",78,"A","1","A1",83.31,24.86,97.88,194,28.55,0.95018
"545","Control",FALSE,FALSE,"12:09:49","2024-07-18",78,"A","2","A2",84.09,24.92,97.88,466,27.95,0.930802
"546","Control",FALSE,FALSE,"12:10:14","2024-07-18",78,"A","5","A5",86.39,25.08,97.87,400,27.72,0.850077
"547","Control",FALSE,FALSE,"12:10:21","2024-07-18",78,"A","6","A6",87.81,25.11,97.87,397,28.7,0.84655
"548","Control",FALSE,FALSE,"12:10:34","2024-07-18",78,"A","7","A7",88.57,25.18,97.87,473,28.62,0.926933
"549","Control",FALSE,FALSE,"12:10:42","2024-07-18",78,"A","8","A8",88.73,25.22,97.87,285,28.85,0.893907
"550","Control",FALSE,FALSE,"12:10:53","2024-07-18",78,"A","9","A9",89.6,25.28,97.87,320,28.67,1.099096
"551","Control",FALSE,FALSE,"12:11:04","2024-07-18",78,"A","10","A10",88.53,25.34,97.88,361,29.76,0.664038
"552","Control",FALSE,FALSE,"12:11:36","2024-07-18",78,"A","11","A11",89.58,25.54,97.88,464,29.21,0.994214
"553","Control",FALSE,FALSE,"12:11:46","2024-07-18",78,"A","12","A12",89.16,25.61,97.87,458,29.62,0.793627
"554","Transplantation",TRUE,FALSE,"12:12:04","2024-07-18",78,"B","1","B1",89.51,25.73,97.87,428,28.74,1.136955
"555","Transplantation",TRUE,FALSE,"12:12:14","2024-07-18",78,"B","2","B2",88.76,25.81,97.87,333,27.87,1.385465
"556","Transplantation",TRUE,FALSE,"12:12:32","2024-07-18",78,"B","4","B4",86.2,25.92,97.86,290,27.15,1.020924
"557","Transplantation",TRUE,FALSE,"12:12:40","2024-07-18",78,"B","5","B5",85.84,25.97,97.86,415,28.79,0.661252
"558","Transplantation",TRUE,FALSE,"12:12:47","2024-07-18",78,"B","6","B6",85.83,26.02,97.86,221,28.07,0.847303
"559","Transplantation",TRUE,FALSE,"12:12:58","2024-07-18",78,"B","7","B7",85.23,26.09,97.86,262,28.01,0.73277
"560","Transplantation",TRUE,FALSE,"12:13:15","2024-07-18",78,"B","9","B9",84.6,26.2,97.86,414,27.8,0.844258
"561","Transplantation",TRUE,FALSE,"12:13:20","2024-07-18",78,"B","10","B10",84.08,26.23,97.86,277,27.44,0.82732
"562","Transplantation",TRUE,FALSE,"12:13:25","2024-07-18",78,"B","11","B11",83.78,26.26,97.87,273,27.39,0.793314
"563","Transplantation",TRUE,FALSE,"12:13:34","2024-07-18",78,"B","12","B12",83.34,26.32,97.86,359,27.75,0.649091
"564","Germination",FALSE,TRUE,"12:13:52","2024-07-18",78,"C","1","C1",83.21,26.43,97.87,230,28.27,0.607533
"565","Germination",FALSE,TRUE,"12:14:02","2024-07-18",78,"C","2","C2",83.05,26.49,97.87,258,28.25,0.588472
"566","Germination",FALSE,TRUE,"12:14:06","2024-07-18",78,"C","3","C3",83.56,26.52,97.87,226,28.39,0.653133
"567","Germination",FALSE,TRUE,"12:14:16","2024-07-18",78,"C","4","C4",82.95,26.58,97.87,262,27.72,0.724968
"568","Germination",FALSE,TRUE,"12:14:32","2024-07-18",78,"C","7","C7",83.11,26.68,97.87,180,28.08,0.721507
"569","Germination",FALSE,TRUE,"12:14:46","2024-07-18",78,"C","9","C9",82.56,26.76,97.88,275,28.17,0.613018
"570","Germination",FALSE,TRUE,"12:14:52","2024-07-18",78,"C","10","C10",82.05,26.8,97.87,257,27.97,0.577012
"571","Germination",FALSE,TRUE,"12:14:58","2024-07-18",78,"C","11","C11",81.73,26.84,97.88,142,28.21,0.497844
"572","Germination",FALSE,TRUE,"12:15:04","2024-07-18",78,"C","12","C12",81.37,26.87,97.87,296,29.08,0.38032
"573","Germ+Trans",TRUE,TRUE,"12:15:24","2024-07-18",78,"D","1","D1",81.91,26.99,97.87,339,27.56,0.578591
"574","Germ+Trans",TRUE,TRUE,"12:15:37","2024-07-18",78,"D","3","D3",81.48,27.07,97.86,253,28.59,0.454505
"575","Germ+Trans",TRUE,TRUE,"12:15:50","2024-07-18",78,"D","4","D4",80.7,27.14,97.86,295,27.16,0.572059
"576","Germ+Trans",TRUE,TRUE,"12:15:54","2024-07-18",78,"D","5","D5",80.63,27.17,97.87,320,27.36,0.555313
"577","Germ+Trans",TRUE,TRUE,"12:16:01","2024-07-18",78,"D","6","D6",80.76,27.21,97.87,287,27.89,0.515849
"578","Germ+Trans",TRUE,TRUE,"12:16:22","2024-07-18",78,"D","7","D7",81,27.33,97.86,311,28.85,0.40584
"579","Germ+Trans",TRUE,TRUE,"12:16:30","2024-07-18",78,"D","8","D8",80.07,27.38,97.86,241,27.45,0.458528
"580","Germ+Trans",TRUE,TRUE,"12:16:36","2024-07-18",78,"D","9","D9",80.06,27.41,97.86,322,27.93,0.430382
"581","Germ+Trans",TRUE,TRUE,"12:16:52","2024-07-18",78,"D","11","D11",79.62,27.51,97.86,312,27.51,0.439208
"582","Germ+Trans",TRUE,TRUE,"12:17:09","2024-07-18",78,"D","12","D12",78.51,27.6,97.87,197,27.31,0.260838
